INSERT INTO CINEMA 
VALUES 
('Galaxy Theatres', '123 Main St', 'Anaheim', 'CA', '92801', 30),
('AMC Theatres', '1001 Lemon St', 'Fullerton', 'CA', '92832', 40),
('Regal Cinemas', '400 Lime St', 'Placentia', 'CA', '92801', 20),
('Starplex Cinemas', '456 Center Rd', 'Fullerton', 'CA', '92832', 25);

INSERT INTO AUDITORIUM 
VALUES
('Auditorium 1', 150, 'Galaxy Theatres', TRUE, FALSE),
('Auditorium 2', 80, 'Galaxy Theatres', FALSE, FALSE),
('Auditorium 3', 120, 'Galaxy Theatres', FALSE, TRUE),
('Auditorium 4', 150, 'Galaxy Theatres', TRUE, TRUE),
('Auditorium 5', 100, 'Galaxy Theatres', FALSE, FALSE),
('Auditorium 6', 120, 'Galaxy Theatres', TRUE, FALSE),
('Auditorium A1', 120, 'AMC Theatres', TRUE, FALSE),
('Auditorium A2', 100, 'AMC Theatres', TRUE, FALSE),
('Auditorium B1', 150, 'AMC Theatres', FALSE, TRUE),
('Auditorium B2', 120, 'AMC Theatres', FALSE, TRUE),
('Auditorium C1', 80, 'AMC Theatres', FALSE, FALSE),
('Auditorium C2', 100, 'AMC Theatres', TRUE, FALSE),
('Auditorium A-1', 100, 'Regal Cinemas', TRUE, FALSE),
('Auditorium A-2', 100, 'Regal Cinemas', TRUE, FALSE),
('Auditorium A-3', 100, 'Regal Cinemas', TRUE, TRUE),
('Auditorium B-1', 120, 'Regal Cinemas', TRUE, TRUE),
('Auditorium B-2', 120, 'Regal Cinemas', FALSE, TRUE),
('Auditorium B-3', 120, 'Regal Cinemas', TRUE, TRUE),
('Auditorium A', 120, 'Starplex Cinemas', TRUE, TRUE),
('Auditorium B', 120, 'Starplex Cinemas', TRUE, FALSE),
('Auditorium C', 100, 'Starplex Cinemas', FALSE, TRUE),
('Auditorium D', 100, 'Starplex Cinemas', FALSE, TRUE),
('Auditorium E', 80, 'Starplex Cinemas', FALSE, TRUE),
('Auditorium F', 80, 'Starplex Cinemas', TRUE, FALSE);

INSERT INTO MOVIE 
VALUES
('Inception', '2010', '148', 'PG-13', '2010-07-16', 'Sci-Fi', 'A mind-bending thriller.'),
('Toy Story', '1995', '81', 'G', '1995-11-22', 'Animation', 'Life of a toy.'),
('The Emoji Movie', '2017', '86', 'PG', '2017-07-28', 'Animation', 'World of Emojis.'),
('Pixels', '2015', '106', 'PG-13', '2015-07-24', 'Comedy', 'Video games come to life.'),
('KPop Demon Hunters', '2025', '99', 'PG', '2025-06-20', 'Action', 'Popstars protect fans from demons.'),
('Polar Express', '2004', '99', 'G', '2004-10-21', 'Animation', 'Boy learns the spirit of Christmas.'),
('John Wick', '2014', '101', 'R', '2014-10-24', 'Action', 'Legendary retired assassin.'),
('Billy Madison', '1995', '89', 'PG-13', '1995-02-10', 'Comedy', 'Man-child retakes school.'),
('Alien', '1979', '117', 'R', '1979-06-22', 'Sci-Fi', 'Unknown horrors of space.'),
('Avengers: Endgame', '2019', '181', 'PG-13', '2019-04-26', 'Action', 'Heroes unite.'),
('Interstellar', '2014', '169', 'PG-13', '2014-11-07', 'Sci-Fi', 'Space exploration drama.');

INSERT INTO SHOWTIME (Auditorium, Cinema, Movie, Show_Date, Start_Time, End_Time, Format)
VALUES
('Auditorium 1', 'Galaxy Theatres', 'Inception', '2025-11-21', '11:00:00', '13:30:00', '3D'),
('Auditorium 1', 'Galaxy Theatres', 'Inception', '2025-11-21', '14:00:00', '16:30:00', '3D'),
('Auditorium 1', 'Galaxy Theatres', 'Inception', '2025-11-21', '17:00:00', '19:30:00', '3D'),
('Auditorium 1', 'Galaxy Theatres', 'Inception', '2025-11-21', '20:00:00', '22:30:00', '3D'),
('Auditorium 6', 'Galaxy Theatres', 'Inception', '2025-12-01', '12:00:00', '14:30:00', '3D'),
('Auditorium 6', 'Galaxy Theatres', 'Inception', '2025-12-01', '15:00:00', '17:30:00', '3D'),
('Auditorium 4', 'Galaxy Theatres', 'John Wick', '2025-12-04', '15:00:00', '17:00:00', 'IMAX'),
('Auditorium 4', 'Galaxy Theatres', 'John Wick', '2025-12-05', '20:00:00', '22:00:00', 'IMAX'),
('Auditorium 1', 'Galaxy Theatres', 'Pixels', '2025-12-02', '11:00:00', '13:00:00', '3D'),
('Auditorium 3', 'Galaxy Theatres', 'The Emoji Movie', '2025-12-02', '12:00:00', '13:30:00', 'None'),
('Auditorium 3', 'Galaxy Theatres', 'KPop Demon Hunters', '2025-11-29', '17:00:00', '19:00:00', 'IMAX'),
('Auditorium 3', 'Galaxy Theatres', 'KPop Demon Hunters', '2025-11-29', '20:00:00', '22:00:00', 'IMAX'),
('Auditorium 3', 'Galaxy Theatres', 'KPop Demon Hunters', '2025-12-11', '12:00:00', '14:00:00', 'IMAX'),
('Auditorium 3', 'Galaxy Theatres', 'KPop Demon Hunters', '2025-12-11', '15:00:00', '17:00:00', 'IMAX'),
('Auditorium 1', 'Galaxy Theatres', 'Polar Express', '2025-12-21', '10:00:00', '12:00:00', 'None'),
('Auditorium 4', 'Galaxy Theatres', 'Polar Express', '2025-12-21', '12:00:00', '14:00:00', 'None'),
('Auditorium 1', 'Galaxy Theatres', 'Polar Express', '2025-12-21', '14:00:00', '16:00:00', 'None'),
('Auditorium 4', 'Galaxy Theatres', 'Polar Express', '2025-12-21', '18:00:00', '20:00:00', 'None'),
('Auditorium A1', 'AMC Theatres', 'Toy Story', '2025-11-24', '10:00:00', '11:30:00', 'None'),
('Auditorium A2', 'AMC Theatres', 'Toy Story', '2025-11-24', '12:00:00', '13:30:00', 'None'),
('Auditorium A1', 'AMC Theatres', 'Toy Story', '2025-11-24', '14:00:00', '15:30:00', 'None'),
('Auditorium C2', 'AMC Theatres', 'Toy Story', '2025-11-24', '15:00:00', '17:30:00', 'None'),
('Auditorium A1', 'AMC Theatres', 'Interstellar', '2025-12-20', '13:00:00', '15:30:00', 'IMMAX'),
('Auditorium A2', 'AMC Theatres', 'Interstellar', '2025-12-20', '15:00:00', '17:30:00', 'IMAX'),
('Auditorium A1', 'AMC Theatres', 'Interstellar', '2025-12-20', '19:00:00', '20:30:00', 'IMAX'),
('Auditorium C2', 'AMC Theatres', 'Interstellar', '2025-12-20', '20:00:00', '22:30:00', 'IMAX'),
('Auditorium B1', 'AMC Theatres', 'KPop Demon Hunters', '2025-12-13', '13:00:00', '15:00:00', 'IMAX'),
('Auditorium B2', 'AMC Theatres', 'KPop Demon Hunters', '2025-12-13', '15:00:00', '17:00:00', 'IMAX'),
('Auditorium B1', 'AMC Theatres', 'Billy Madison', '2025-11-24', '10:00:00', '11:30:00', 'None'),
('Auditorium A1', 'AMC Theatres', 'Avengers: Endgame', '2025-11-24', '16:00:00', '19:30:00', '3D'),
('Auditorium A1', 'AMC Theatres', 'Polar Express', '2025-12-20', '11:00:00', '13:00:00', 'None'),
('Auditorium A2', 'AMC Theatres', 'Polar Express', '2025-12-21', '11:00:00', '13:00:00', 'None'),
('Auditorium A1', 'AMC Theatres', 'Polar Express', '2025-12-22', '11:00:00', '13:00:00', 'None'),
('Auditorium C2', 'AMC Theatres', 'Polar Express', '2025-12-23', '11:00:00', '13:00:00', 'None'),
('Auditorium A-1', 'Regal Cinemas', 'Alien', '2025-11-29', '15:00:00', '17:30:00', '3D'),
('Auditorium A-1', 'Regal Cinemas', 'Alien', '2025-11-29', '18:00:00', '20:30:00', '3D'),
('Auditorium B-2', 'Regal Cinemas', 'Alien', '2025-12-01', '15:00:00', '17:30:00', '3D'),
('Auditorium B-2', 'Regal Cinemas', 'Alien', '2025-12-01', '18:00:00', '20:30:00', '3D'),
('Auditorium B-3', 'Regal Cinemas', 'KPop Demon Hunters', '2025-12-08', '19:00:00', '21:00:00', 'IMAX'),
('Auditorium B-2', 'Regal Cinemas', 'KPop Demon Hunters', '2025-12-09', '19:00:00', '21:00:00', 'IMAX'),
('Auditorium B-2', 'Regal Cinemas', 'KPop Demon Hunters', '2025-12-10', '19:00:00', '21:00:00', 'IMAX'),
('Auditorium B-1', 'Regal Cinemas', 'KPop Demon Hunters', '2025-12-11', '19:00:00', '21:00:00', 'IMAX'),
('Auditorium B-3', 'Regal Cinemas', 'KPop Demon Hunters', '2025-12-12', '20:00:00', '22:00:00', 'IMAX'),
('Auditorium B-3', 'Regal Cinemas', 'KPop Demon Hunters', '2025-12-13', '20:00:00', '22:00:00', 'IMAX'),
('Auditorium A-2', 'Regal Cinemas', 'Pixels', '2025-12-01', '15:00:00', '17:30:00', '3D'),
('Auditorium A-2', 'Regal Cinemas', 'Pixels', '2025-12-01', '18:00:00', '20:30:00', '3D'),
('Auditorium A-1', 'Regal Cinemas', 'Pixels', '2025-11-29', '15:00:00', '17:30:00', '3D'),
('Auditorium A-1', 'Regal Cinemas', 'The Emoji Movie', '2025-12-13', '13:00:00', '15:00:00', 'None'),
('Auditorium B-2', 'Regal Cinemas', 'Billy Madison', '2025-12-13', '15:00:00', '17:00:00', 'None'),
('Auditorium B-2', 'Regal Cinemas', 'Billy Madison', '2025-12-13', '18:00:00', '20:00:00', 'None'),
('Auditorium A', 'Starplex Cinemas', 'Interstellar', '2025-11-21', '15:00:00', '18:30:00', 'IMAX'),
('Auditorium A', 'Starplex Cinemas', 'Interstellar', '2025-11-22', '15:00:00', '18:30:00', 'IMAX'),
('Auditorium D', 'Starplex Cinemas', 'Interstellar', '2025-11-22', '19:00:00', '21:30:00', 'IMAX'),
('Auditorium D', 'Starplex Cinemas', 'Interstellar', '2025-11-23', '15:00:00', '18:30:00', 'IMAX'),
('Auditorium A', 'Starplex Cinemas', 'Alien', '2025-12-08', '12:00:00', '14:30:00', '3D'),
('Auditorium B', 'Starplex Cinemas', 'Alien', '2025-12-08', '14:00:00', '16:30:00', '3D'),
('Auditorium A', 'Starplex Cinemas', 'Alien', '2025-12-08', '16:00:00', '18:30:00', '3D'),
('Auditorium B', 'Starplex Cinemas', 'Alien', '2025-12-08', '18:00:00', '20:30:00', '3D'),
('Auditorium A', 'Starplex Cinemas', 'Alien', '2025-12-08', '19:00:00', '18:30:00', '3D'),
('Auditorium F', 'Starplex Cinemas', 'Alien', '2025-12-08', '20:00:00', '18:30:00', '3D'),
('Auditorium E', 'Starplex Cinemas', 'Toy Story', '2025-12-01', '15:00:00', '16:30:00', 'None'),
('Auditorium C', 'Starplex Cinemas', 'Toy Story', '2025-12-02', '15:00:00', '16:30:00', 'None'),
('Auditorium F', 'Starplex Cinemas', 'The Emoji Movie', '2025-12-03', '10:00:00', '12:00:00', 'None'),
('Auditorium A', 'Starplex Cinemas', 'Avengers: Endgame', '2025-11-25', '13:00:00', '18:30:00', '3D'),
('Auditorium F', 'Starplex Cinemas', 'Pixels', '2025-11-25', '15:00:00', '18:30:00', '3D'),
('Auditorium E', 'Starplex Cinemas', 'KPop Demon Hunters', '2025-11-24', '14:00:00', '16:00:00', 'IMAX'),
('Auditorium E', 'Starplex Cinemas', 'KPop Demon Hunters', '2025-11-25', '14:00:00', '16:00:00', 'IMAX'),
('Auditorium E', 'Starplex Cinemas', 'KPop Demon Hunters', '2025-11-26', '15:00:00', '17:00:00', 'IMAX'),
('Auditorium E', 'Starplex Cinemas', 'Polar Express', '2025-12-14', '11:00:00', '13:00:00', 'None');

